,Year,Runtime (Minutes),Rating,Votes,Metascore,Revenue (Millions),imdb_avg_cast_pts,yga_avg_cast_rank,imdb_avg_director_pts,yga_avg_director_rank,genre_avg_rank,revenue_groups
0,2014,121,8.1,757074,76.0,333.13,28064.5,304.5,0,0,2.6666666666666665,4
1,2012,124,7.0,485820,65.0,126.46,23137.333333333332,784.6666666666666,70150,28,6.0,4
2,2016,117,7.3,157606,62.0,138.12,12445.0,1015.0,18353,30,10.5,4
3,2016,108,7.2,60545,59.0,270.32,38746.0,204.25,0,0,7.333333333333333,4
4,2016,123,6.2,393727,40.0,325.02,34086.75,465.0,10153,0,3.0,4
5,2016,103,6.1,56036,42.0,45.13,64122.333333333336,154.5,3587,0,3.0,2
6,2016,128,8.3,258682,93.0,151.06,31991.75,153.5,16062,0,8.0,4
7,2016,141,7.1,7188,78.0,8.01,7528.0,928.0,2128,0,5.333333333333333,1
8,2016,116,7.0,192177,41.0,100.01,35206.25,310.0,14580,0,5.0,3
9,2016,133,7.5,232072,66.0,234.02,15013.0,1158.0,0,0,5.666666666666667,4
10,2016,127,7.8,93103,74.0,169.27,16219.666666666666,400.3333333333333,3567,0,10.333333333333334,4
11,2016,133,7.9,323118,65.0,532.17,8110.5,940.0,0,0,2.6666666666666665,4
12,2016,107,7.7,118151,81.0,248.75,0.0,35.0,0,0,4.333333333333333,4
13,2016,109,6.4,8612,70.0,2.87,29337.5,480.0,584,0,3.0,1
14,2016,87,6.6,120259,61.0,368.31,3780.0,908.5,0,0,4.333333333333333,4
15,2016,139,8.2,211760,71.0,67.12,15097.0,1115.3333333333333,21893,0,10.333333333333334,3
16,2016,123,6.7,150823,58.0,162.16,50855.0,694.25,26241,0,4.5,4
17,2016,118,8.1,102061,69.0,51.69,23124.666666666668,608.0,2610,0,8.0,3
18,2016,116,8.0,340798,81.0,100.5,36605.75,349.3333333333333,29887,0,6.666666666666667,3
19,2016,120,6.7,19053,49.0,7.22,21856.0,502.5,1632,0,3.6666666666666665,1
20,2016,137,7.9,134213,96.0,47.7,31502.5,1026.6666666666667,3018,0,3.0,2
21,2016,92,6.5,38552,56.0,153.69,9567.0,668.5,0,0,4.333333333333333,4
22,2016,120,5.3,127553,32.0,103.14,16893.0,408.6666666666667,4571,0,2.6666666666666665,3
23,2015,159,8.3,76193,0.0,6.5,0.0,0.0,0,0,2.0,1
24,2016,99,4.7,523,0.0,0.01,1455.0,0.0,0,0,10.5,1
25,2016,100,6.2,66540,60.0,113.08,12167.0,502.5,0,0,4.0,3
26,2016,115,5.9,112813,36.0,54.65,34451.0,958.25,633,0,2.0,3
27,2016,111,6.3,48123,39.0,60.31,19155.0,410.5,1252,0,4.0,3
28,2016,116,7.5,126030,67.0,10.64,36209.75,594.6666666666666,4665,0,5.0,1
29,2016,144,7.1,275510,52.0,155.33,28125.0,801.0,17703,0,2.6666666666666665,4
30,2016,108,8.0,627797,65.0,363.02,7804.0,97.0,0,0,2.3333333333333335,4
31,2016,107,5.6,46165,49.0,26.84,8135.0,633.0,0,0,7.0,2
32,2016,147,7.9,411656,75.0,408.08,23593.75,446.75,0,0,2.6666666666666665,4
33,2014,169,8.6,1047747,74.0,187.99,50941.333333333336,323.0,143174,48,3.0,4
34,2016,115,7.6,293732,72.0,232.6,33934.666666666664,716.0,2962,0,3.0,4
35,2016,132,6.9,122853,54.0,93.38,38846.666666666664,348.0,13793,100,7.0,3
36,2016,89,6.3,120690,66.0,97.66,22935.666666666668,576.0,0,0,4.333333333333333,3
37,2016,111,7.5,135095,99.0,27.85,22922.0,1247.5,3247,0,3.0,2
38,2016,115,7.2,37033,66.0,12.79,29021.666666666668,104.0,5924,0,10.333333333333334,1
39,2016,99,6.3,279,57.0,4.21,7660.0,1403.0,0,0,3.0,1
40,2011,136,6.7,395025,45.0,241.06,48491.333333333336,546.5,11451,0,3.0,4
41,2016,132,7.3,17818,64.0,3.44,26476.666666666668,1071.5,4814,0,5.0,1
42,2016,122,7.1,164567,68.0,158.8,14554.0,712.3333333333334,0,0,2.6666666666666665,4
43,2015,136,8.1,661608,81.0,936.63,23577.0,1132.75,17412,0,3.0,4
44,2016,91,5.8,41362,23.0,30.35,7832.0,991.0,0,0,3.0,2
45,2016,118,5.6,20221,18.0,32.46,14794.0,290.75,3056,18,3.5,2
46,2014,101,7.2,321933,68.0,43.0,39085.0,126.0,12562,0,6.0,2
47,2008,152,9.0,1791916,82.0,533.32,86125.0,351.75,143174,48,4.666666666666667,4
48,2016,161,7.3,49190,79.0,7.08,21427.5,558.3333333333334,103526,11,6.333333333333333,1
49,2016,88,7.2,121103,71.0,89.21,0.0,0.0,0,0,10.0,3
50,2016,106,7.4,113322,51.0,56.23,682.0,1177.0,0,0,7.0,3
51,2016,117,7.0,3739,76.0,3.18,1905.0,1415.0,1955,0,6.0,1
52,2016,96,7.5,137608,74.0,125.07,60259.333333333336,606.6666666666666,56012,0,8.0,4
53,2016,151,6.7,472307,44.0,330.25,28555.5,509.25,0,0,2.6666666666666665,4
54,2016,112,6.5,102177,48.0,75.31,11078.75,835.0,7823,0,8.0,3
55,2015,125,4.1,244474,46.0,166.15,20787.0,790.0,0,0,7.0,4
56,2006,130,8.5,913152,66.0,53.08,85493.25,146.5,143174,48,6.666666666666667,3
57,2014,129,7.7,440209,58.0,128.25,58586.5,484.75,6283,0,2.3333333333333335,4
58,2016,133,7.4,39784,69.0,31.86,32100.5,462.3333333333333,7909,0,8.333333333333334,2
59,2015,120,8.1,632842,90.0,153.63,28043.0,745.75,3021,0,2.6666666666666665,4
60,2016,106,7.5,291,61.0,0.01,22114.666666666668,421.3333333333333,0,0,3.0,1
61,2016,107,7.2,89849,68.0,61.28,31320.0,74.5,7909,0,4.0,3
62,2016,124,7.1,78079,60.0,40.07,104378.5,880.0,63408,37,5.333333333333333,2
63,2016,108,7.5,39134,76.0,3.73,19314.5,518.0,5108,0,4.5,1
64,2016,97,6.8,43977,23.0,30.98,46395.25,308.5,3497,0,7.0,2
65,2016,108,8.1,296853,78.0,341.26,718.0,501.6666666666667,0,0,4.333333333333333,4
66,2007,169,7.1,498821,50.0,309.4,54496.0,487.75,21634,0,3.0,4
67,2012,143,8.1,1045588,69.0,623.28,31604.25,308.75,4151,78,3.5,4
68,2009,153,8.3,959065,69.0,120.52,58623.5,47.0,108315,9,7.666666666666667,4
69,2006,151,7.3,552027,53.0,423.03,58905.0,567.0,21634,0,3.0,4
70,2016,116,5.3,147717,60.0,128.34,12479.0,501.5,2839,0,4.0,4
71,2010,148,8.8,1583625,74.0,292.57,87493.66666666667,571.6666666666666,143174,48,2.6666666666666665,4
72,2016,118,7.9,105081,72.0,5.88,29869.0,677.0,0,0,3.5,1
73,2013,180,8.2,865134,75.0,116.87,64875.0,323.5,103526,11,8.666666666666666,4
74,2014,149,8.1,636243,79.0,167.74,25696.333333333332,436.75,83185,93,8.0,4
75,2015,137,7.2,301249,67.0,350.03,18008.5,182.0,6578,0,6.0,4
76,2015,124,7.0,455169,59.0,652.18,16474.0,600.5,0,0,2.6666666666666665,4
77,2016,129,6.4,27869,49.0,10.38,36418.666666666664,895.0,16143,0,6.0,1
78,2009,162,7.8,935408,83.0,760.51,25287.666666666668,543.75,35492,10,3.0,4
79,2015,187,7.8,341170,68.0,54.12,39269.0,277.0,108315,9,8.0,3
80,2016,128,7.4,162122,51.0,86.2,30320.0,663.3333333333334,7121,0,4.666666666666667,3
81,2013,153,8.1,431185,74.0,60.96,37706.25,465.0,29887,0,8.0,3
82,2016,123,7.0,187547,32.0,47.17,6738.666666666667,1220.3333333333333,9834,0,3.0,2
83,2011,146,8.1,342429,62.0,169.71,22585.0,427.75,7823,0,3.0,4
84,2016,114,7.1,106463,57.0,43.02,18262.5,912.5,30559,88,5.333333333333333,2
85,2015,141,7.4,516895,66.0,458.99,30506.0,238.25,4151,78,2.6666666666666665,4
86,2016,116,7.4,175067,70.0,36.25,63196.5,163.0,15787,0,5.0,2
87,2016,106,8.6,34110,79.0,4.68,0.0,0.0,0,0,5.666666666666667,1
88,2016,90,5.8,9247,62.0,0.15,0.0,0.0,0,0,10.333333333333334,1
89,2016,105,6.3,10181,77.0,1.29,16821.0,794.0,0,0,7.333333333333333,1
90,2006,151,8.5,937414,85.0,132.37,103158.5,56.0,103526,11,6.333333333333333,4
91,2015,132,7.0,108836,55.0,1.87,33162.5,1039.0,2492,136,8.333333333333334,1
92,2011,115,7.0,570814,57.0,181.02,33566.5,330.5,584,0,3.0,4
93,2015,144,8.0,556097,80.0,228.43,56906.25,676.0,70150,28,3.0,4
94,2015,116,7.3,202973,56.0,45.43,7314.25,1121.0,24047,47,2.3333333333333335,2
95,2016,102,7.7,115546,88.0,26.86,11292.0,604.0,626,0,6.333333333333333,2
96,2016,120,5.4,1954,40.0,1.66,91607.5,325.6666666666667,7650,0,4.0,1
97,2016,110,6.3,117590,44.0,126.59,24577.0,931.0,0,0,2.0,4
98,2014,108,7.7,339797,78.0,25.44,19310.0,1264.3333333333333,5722,0,6.666666666666667,2
99,2016,89,6.3,3712,44.0,10.16,1365.0,0.0,0,0,7.666666666666667,1
100,2013,134,8.1,486338,96.0,56.67,82232.66666666667,704.0,12290,0,10.333333333333334,3
101,2006,117,7.7,637104,52.0,210.59,5484.0,724.5,0,0,9.0,4
102,2011,130,8.1,590595,87.0,380.96,22488.666666666668,456.3333333333333,0,0,3.3333333333333335,4
103,2016,105,5.8,30761,42.0,54.73,6188.0,404.3333333333333,0,0,4.0,3
104,2016,118,6.2,50359,51.0,1.33,35258.5,451.0,8977,0,10.5,1
105,2016,161,8.8,48969,0.0,11.15,3291.0,0.0,0,0,6.0,1
106,2016,104,7.2,192968,76.0,71.9,15160.0,111.0,0,0,9.666666666666666,3
107,2016,97,7.4,157026,77.0,486.29,0.0,627.0,0,0,4.333333333333333,4
108,2016,127,6.7,101058,57.0,87.24,40819.333333333336,469.6666666666667,30153,12,4.666666666666667,3
109,2014,139,6.7,362093,48.0,150.83,26031.0,579.5,10853,0,6.0,4
110,2016,98,6.0,53183,51.0,46.01,18070.0,571.5,0,0,5.333333333333333,2
111,2012,164,8.5,1222645,78.0,448.13,90148.25,412.5,143174,48,4.5,4
112,2016,106,7.5,198243,77.0,364.0,32467.666666666668,297.6666666666667,2357,0,4.666666666666667,4
113,2014,165,5.7,255483,32.0,245.43,38722.0,444.5,11714,59,2.6666666666666665,4
114,2016,96,6.6,69651,58.0,38.56,11140.0,885.0,0,0,7.333333333333333,2
115,2008,108,6.4,153481,51.0,143.7,24904.25,308.6666666666667,3811,0,11.333333333333334,4
116,2015,156,8.0,499424,76.0,183.64,83335.0,695.3333333333334,0,0,3.6666666666666665,4
117,2016,139,7.3,50953,79.0,57.64,41495.5,144.0,1160,0,3.0,3
118,2014,125,6.0,109756,69.0,128.0,21136.25,389.75,11451,0,2.6666666666666665,4
119,2016,86,6.4,78328,59.0,55.12,2179.0,706.0,8427,0,8.0,3
120,2014,107,8.5,477276,88.0,13.09,18389.5,1299.0,16062,0,10.0,1
121,2013,130,7.1,318051,61.0,238.67,15124.0,269.25,0,0,6.0,4
122,2012,140,7.3,200090,68.0,21.38,42554.0,289.6666666666667,6582,0,6.333333333333333,2
123,2007,122,8.1,660286,91.0,74.27,37594.5,386.75,0,62,6.333333333333333,3
124,2013,143,7.3,386102,55.0,144.81,55672.25,498.3333333333333,13581,99,7.0,4
125,2010,138,8.1,855604,63.0,127.97,74717.25,304.3333333333333,103526,11,9.5,4
126,2009,127,8.0,526324,82.0,257.7,13094.25,497.3333333333333,17412,0,2.6666666666666665,4
127,2010,94,6.2,34184,56.0,64.0,0.0,0.0,0,0,7.0,3
128,2015,130,7.8,246360,81.0,70.24,93440.0,172.5,4476,108,6.666666666666667,3
129,2015,118,8.2,224132,86.0,14.68,9715.0,895.0,4804,0,3.0,1
130,2012,165,8.4,1039115,81.0,162.8,67666.25,385.25,108315,9,10.5,4
131,2016,144,8.1,33418,84.0,2.01,0.0,0.0,0,0,8.666666666666666,1
132,2016,104,7.4,47694,77.0,14.26,5022.0,909.0,0,0,3.5,1
133,2009,162,7.6,410249,56.0,107.5,9125.0,1247.5,0,0,5.666666666666667,3
134,2007,113,7.6,442082,76.0,121.46,14928.5,743.6666666666666,0,0,4.0,4
135,2016,121,6.2,97623,42.0,34.26,34243.75,912.5,32144,4,4.0,2
136,2016,117,6.4,50853,66.0,55.47,13679.0,1409.0,131784,1,5.666666666666667,3
137,2012,142,7.2,735604,68.0,408.0,32683.0,394.3333333333333,13556,0,4.333333333333333,4
138,2016,88,5.8,4299,65.0,0.2,14860.0,0.0,0,0,3.0,1
139,2015,121,7.6,243230,82.0,46.88,29540.333333333332,700.3333333333334,29887,0,4.666666666666667,2
140,2007,94,4.7,97618,29.0,41.8,0.0,0.0,0,0,7.0,2
141,2013,131,7.0,400519,64.0,101.79,1771.5,1016.75,14402,0,2.6666666666666665,3
142,2011,118,7.4,396714,68.0,84.24,42864.25,168.5,8750,0,6.0,3
143,2010,112,7.5,291457,69.0,31.49,7760.5,1066.5,18390,0,4.0,2
144,2007,121,7.9,373244,81.0,23.62,19576.0,1043.3333333333333,18390,0,6.0,2
145,2016,90,7.0,6946,63.0,1.8,28804.75,1129.6666666666667,0,0,5.0,1
146,2014,132,8.0,552298,74.0,233.91,20267.0,317.0,17703,0,2.6666666666666665,4
147,2016,118,6.1,78043,47.0,58.4,69889.0,799.5,19428,0,4.0,3
148,2006,144,8.0,495106,80.0,167.01,26550.75,659.0,8030,0,3.3333333333333335,4
149,2008,122,5.2,361449,56.0,191.45,17026.0,983.3333333333334,0,0,6.666666666666667,4
150,2016,129,6.5,156567,46.0,65.03,35954.0,586.0,0,0,2.3333333333333335,3
151,2015,109,7.3,39723,51.0,33.31,19282.75,255.66666666666666,1777,0,10.333333333333334,2
152,2016,144,7.3,76935,48.0,52.82,0.0,500.0,11714,59,6.666666666666667,3
153,2015,148,6.8,308981,60.0,200.07,52803.25,621.0,40712,83,3.3333333333333335,4
154,2014,118,7.9,332476,76.0,32.28,32925.666666666664,341.6666666666667,6310,0,6.333333333333333,2
155,2016,101,7.9,72778,84.0,48.02,47371.333333333336,316.3333333333333,0,0,6.333333333333333,2
156,2013,126,8.0,390531,90.0,25.56,42400.75,471.5,13809,75,6.333333333333333,2
157,2013,102,7.5,451894,74.0,400.74,3590.0,902.0,0,0,4.333333333333333,4
158,2015,130,6.5,143069,60.0,93.42,60087.0,127.0,5771,0,4.333333333333333,3
159,2014,130,7.6,337777,79.0,208.54,58936.5,851.3333333333334,0,0,2.0,4
160,2008,107,7.0,321442,71.0,110.42,21918.666666666668,103.0,5965,0,3.0,3
161,2016,134,7.4,137203,65.0,102.46,19160.666666666668,1111.5,6578,0,11.0,3
162,2015,117,7.3,368912,64.0,180.19,9693.0,417.0,3824,0,2.3333333333333335,4
163,2016,118,6.7,43086,59.0,24.09,11410.666666666666,1315.0,2687,0,7.5,2
164,2015,92,6.8,101781,83.0,25.14,0.0,1180.0,2044,0,13.0,2
165,2015,105,7.0,117018,67.0,201.15,33253.0,736.3333333333334,584,0,6.333333333333333,4
166,2016,124,8.0,22389,85.0,3.4,2924.0,0.0,5242,0,5.0,1
167,2016,113,6.3,11944,53.0,1.72,0.0,1392.0,18329,41,11.0,1
168,2015,119,6.6,97454,66.0,31.06,18437.0,1029.0,14402,0,7.666666666666667,2
169,2011,100,7.8,461509,78.0,35.05,37555.666666666664,679.25,8977,0,6.0,2
170,2015,125,6.3,106364,75.0,110.01,9715.0,810.0,0,42,6.0,3
171,2016,133,7.2,27382,60.0,12.53,25005.333333333332,924.6666666666666,6582,0,7.0,1
172,2015,128,8.1,268282,93.0,44.99,34281.0,386.5,7462,0,9.0,2
173,2016,92,5.8,22107,48.0,3.91,15431.0,1116.5,0,0,8.666666666666666,1
174,2011,140,8.2,355722,71.0,13.65,30668.0,565.0,7121,0,7.0,1
175,2011,124,6.9,547368,66.0,176.64,33985.75,607.0,0,0,2.6666666666666665,4
176,2007,148,8.1,459304,73.0,18.35,21535.0,916.6666666666666,9034,0,5.666666666666667,2
177,2014,114,8.1,532353,73.0,91.12,31377.666666666668,511.0,14580,0,7.666666666666667,3
178,2016,107,6.3,97082,52.0,127.38,19296.0,435.6666666666667,0,0,5.0,4
179,2014,113,7.9,471815,71.0,100.19,38076.75,597.75,7058,140,2.6666666666666665,3
180,2016,146,6.5,12193,47.0,8.1,0.0,0.0,21634,0,7.666666666666667,1
181,2016,134,7.3,79855,58.0,21.48,27130.25,1000.6666666666666,18137,19,7.666666666666667,2
182,2008,126,7.9,737719,79.0,318.3,29442.75,296.75,2357,0,2.6666666666666665,4
183,2016,120,5.7,70504,33.0,66.0,20934.0,627.6666666666666,2650,0,5.0,3
184,2011,132,7.8,550011,65.0,146.41,34747.75,484.25,6283,0,2.6666666666666665,4
185,2016,99,7.5,5435,81.0,0.51,0.0,0.0,0,0,8.5,1
186,2016,118,7.5,26089,90.0,2.14,6875.0,670.0,7345,0,6.0,1
187,2011,125,6.8,227912,75.0,169.08,10096.333333333334,575.25,2839,0,7.5,4
188,2015,114,6.1,161396,43.0,155.18,0.0,608.0,0,0,2.0,4
189,2012,94,5.3,114290,63.0,14.12,979.0,830.0,0,0,3.0,1
190,2007,144,7.1,531112,61.0,318.76,15369.0,711.0,11714,59,2.6666666666666665,4
191,2013,112,7.0,443584,54.0,206.36,32253.5,425.3333333333333,0,0,3.0,4
192,2016,126,5.5,73568,25.0,31.14,4034.0,292.0,7129,0,3.0,2
193,2014,136,7.8,542362,70.0,259.75,35130.25,197.75,0,0,2.6666666666666665,4
194,2016,104,5.7,7044,41.0,33.04,43965.0,0.0,0,0,2.3333333333333335,2
195,2010,117,7.7,456749,66.0,48.04,13964.333333333334,55.0,6283,0,3.0,2
196,2015,96,6.7,61098,51.0,9.24,22915.0,816.0,0,0,2.6666666666666665,1
197,2006,117,7.1,283445,73.0,244.05,26108.0,429.0,17414,0,4.333333333333333,4
198,2014,100,6.9,136399,83.0,14.67,0.0,0.0,0,0,13.0,1
199,2011,158,7.8,348551,71.0,102.52,32000.0,528.6666666666666,83185,93,8.0,3
200,2013,110,7.0,334867,44.0,150.37,10524.0,627.25,0,0,6.5,4
201,2016,163,7.0,19660,79.0,0.66,8521.5,872.0,812,0,3.0,1
202,2015,119,7.1,121313,82.0,8.7,16832.5,691.6666666666666,6982,0,6.0,1
203,2010,107,6.4,179450,51.0,52.0,29973.25,667.6666666666666,0,0,2.6666666666666665,3
204,2014,97,7.0,268877,56.0,241.41,14458.0,825.0,2887,0,4.333333333333333,4
205,2006,118,8.2,498879,98.0,37.62,8836.75,0.0,14402,0,9.333333333333334,2
206,2016,95,5.2,3305,50.0,0.0,8090.333333333333,744.5,0,0,6.333333333333333,1
207,2006,139,7.8,247926,68.0,50.86,0.0,0.0,21893,0,2.0,3
208,2015,131,7.4,257472,75.0,195.0,33044.25,826.75,0,0,3.3333333333333335,4
209,2016,114,6.1,66766,35.0,47.95,26093.5,400.25,0,0,2.0,2
210,2012,102,8.0,377336,67.0,17.74,11418.333333333334,786.5,2327,0,7.0,2
211,2016,100,6.8,41446,81.0,13.96,24486.25,953.5,826,0,10.333333333333334,1
212,2016,85,3.9,4895,31.0,2.41,7832.0,558.0,0,0,8.0,1
213,2014,99,8.1,530881,88.0,59.07,36526.75,810.5,27844,73,2.6666666666666665,3
214,2013,125,5.9,96852,35.0,26.62,17302.0,1078.0,7580,0,4.666666666666667,2
215,2014,134,7.6,332234,64.0,85.71,48846.25,721.0,10153,0,8.0,3
216,2015,95,8.2,416689,94.0,356.45,0.0,734.5,0,0,4.333333333333333,4
217,2016,90,5.8,1109,48.0,9.4,25801.0,891.5,0,0,4.333333333333333,1
218,2015,126,6.5,205365,38.0,89.73,13755.0,883.0,0,0,2.6666666666666665,3
219,2010,118,5.9,148949,47.0,88.76,5688.5,1324.0,22925,80,5.666666666666667,3
220,2012,158,7.6,257426,63.0,148.78,39242.0,261.75,16025,0,11.333333333333334,4
221,2006,109,7.9,382910,84.0,35.29,63817.0,534.25,14845,0,5.0,2
222,2016,119,7.4,14708,83.0,5.66,16343.5,1010.0,1076,0,3.5,1
223,2015,119,7.1,188017,75.0,110.82,20269.75,446.5,2839,0,5.0,3
224,2011,112,8.6,557965,57.0,13.18,10664.0,1290.0,10299,0,6.666666666666667,1
225,2016,92,4.9,178,50.0,0.32,24357.0,350.0,0,0,6.0,1
226,2009,94,7.3,50946,73.0,0.11,0.0,0.0,6982,0,5.0,1
227,2015,147,7.9,139831,72.0,161.03,676.0,0.0,5416,0,10.333333333333334,4
228,2014,142,6.7,342183,53.0,202.85,32199.0,419.0,0,0,2.6666666666666665,4
229,2013,112,7.5,330305,68.0,137.39,16037.75,1095.3333333333333,6578,0,11.0,4
230,2009,100,7.8,611563,73.0,277.31,29569.75,648.6666666666666,30559,88,4.0,4
231,2012,131,5.8,210349,41.0,65.17,32907.0,28.0,7909,0,2.6666666666666665,3
232,2011,105,7.6,422290,68.0,176.74,15655.0,939.0,0,0,3.3333333333333335,4
233,2016,81,6.4,69823,58.0,67.24,16488.0,1226.3333333333333,0,0,14.0,3
234,2016,118,7.1,664,76.0,2.27,15352.333333333334,479.5,0,0,5.0,1
235,2014,119,7.8,440299,88.0,42.34,42179.5,437.3333333333333,0,0,6.0,2
236,2010,108,8.0,581518,79.0,106.95,34390.25,499.25,30689,113,5.0,3
237,2014,108,6.2,21715,79.0,4.4,0.0,1077.0,0,0,3.5,1
238,2013,117,7.0,90556,64.0,0.79,20299.333333333332,872.0,7514,0,3.0,1
239,2016,112,6.0,59312,40.0,0.54,25959.0,577.75,0,0,2.3333333333333335,1
240,2015,99,4.9,53441,53.0,0.03,26670.0,659.5,0,0,8.0,1
241,2016,102,6.0,75137,18.0,35.54,151313.0,294.5,0,0,4.0,2
242,2012,172,7.5,298651,55.0,27.1,49487.25,418.25,10146,0,4.0,2
243,2009,107,6.7,388447,40.0,179.88,19032.5,263.0,1273,0,2.6666666666666665,4
244,2012,143,7.8,547386,81.0,304.36,35074.5,447.0,40712,83,3.3333333333333335,4
245,2012,169,7.9,668651,58.0,303.0,18411.0,966.75,16153,27,3.5,4
246,2012,110,7.2,432046,69.0,138.45,15848.666666666666,604.3333333333334,0,0,5.0,4
247,2016,106,8.0,52144,79.0,3.23,0.0,0.0,4572,133,8.0,1
248,2013,124,7.0,410125,54.0,89.02,64152.0,242.5,0,0,5.0,3
249,2014,112,7.1,280110,71.0,191.62,18915.5,459.0,0,0,5.0,4
250,2007,157,7.7,329683,78.0,33.05,53101.333333333336,180.0,83185,93,9.0,2
251,2016,117,7.0,36312,83.0,3.37,0.0,0.0,18652,0,4.0,1
252,2013,130,7.2,591023,62.0,408.99,38729.0,497.25,15787,0,2.6666666666666665,4
253,2013,115,7.3,492324,50.0,117.7,44225.333333333336,386.3333333333333,10094,0,9.333333333333334,4
254,2009,128,7.6,501769,57.0,209.02,40873.0,545.5,24047,47,4.0,4
255,2015,119,7.0,110773,66.0,12.71,14426.25,1218.3333333333333,16025,0,9.0,1
256,2014,98,6.0,122838,47.0,72.66,28101.5,478.0,3970,125,1.5,3
257,2011,110,6.1,204874,33.0,36.38,16402.0,1164.0,0,0,4.0,2
258,2016,105,5.8,30405,34.0,14.9,26377.5,789.75,0,0,3.0,1
259,2015,127,5.3,150121,40.0,47.38,13154.666666666666,694.5,17471,0,2.6666666666666665,2
260,2016,95,5.8,26508,47.0,17.36,32088.333333333332,540.6666666666666,0,0,5.0,2
261,2016,118,7.5,58782,72.0,2.13,0.0,0.0,0,0,6.333333333333333,1
262,2012,112,7.2,226631,66.0,65.0,18070.0,777.3333333333334,0,0,10.666666666666666,3
263,2016,92,5.7,76327,58.0,55.29,11864.666666666666,639.0,3075,0,4.0,3
264,2013,143,7.1,577010,55.0,291.02,21475.0,726.5,0,0,3.0,4
265,2016,111,6.6,20514,26.0,18.71,0.0,1284.6666666666667,0,0,7.0,2
266,2016,94,5.7,34523,34.0,64.06,0.0,374.0,0,0,4.333333333333333,3
267,2006,109,6.8,302268,62.0,124.73,37942.666666666664,179.66666666666666,3497,0,3.5,4
268,2016,127,7.1,43929,66.0,15.43,22630.666666666668,718.3333333333334,2751,0,8.333333333333334,2
269,2007,158,8.1,400682,92.0,40.22,28885.5,871.5,17949,0,9.0,2
270,2014,132,7.2,249425,57.0,101.53,25025.666666666668,3.0,13793,100,6.0,3
271,2013,121,7.5,218996,60.0,125.07,17835.5,891.6666666666666,7909,0,6.0,4
272,2012,95,7.0,295554,72.0,42.04,19167.0,182.0,0,0,14.0,2
273,2008,97,5.5,67033,55.0,48.24,19147.5,533.6666666666666,0,0,7.5,2
274,2010,104,6.4,105619,46.0,31.58,0.0,1382.0,0,0,7.5,2
275,2014,148,6.7,69509,81.0,8.09,39964.666666666664,318.6666666666667,17949,0,5.333333333333333,1
276,2016,113,6.2,57207,34.0,77.04,50212.25,517.25,0,0,5.666666666666667,3
277,2006,104,6.0,193479,45.0,62.49,0.0,0.0,0,0,6.0,3
278,2016,110,6.1,59886,51.0,46.81,1211.0,845.5,0,0,7.5,2
279,2009,129,7.7,237221,53.0,255.95,34423.0,13.0,5924,0,10.666666666666666,4
280,2013,180,7.8,103150,88.0,2.2,52174.0,0.0,1824,0,7.0,1
281,2014,93,6.8,132580,86.0,0.92,0.0,0.0,0,0,8.5,1
282,2014,144,7.4,385598,59.0,255.11,34949.5,786.25,16153,27,3.5,4
283,2007,138,7.5,385325,71.0,292.0,26325.75,649.0,0,0,5.666666666666667,4
284,2013,126,7.0,199048,84.0,4.56,26243.0,775.75,16113,0,3.3333333333333335,1
285,2016,112,5.2,73093,33.0,34.91,12900.0,0.0,0,0,2.6666666666666665,2
286,2015,94,6.2,81429,55.0,65.07,0.0,0.0,18353,30,8.333333333333334,3
287,2011,131,7.3,300803,66.0,209.81,15124.0,166.66666666666666,0,0,6.0,4
288,2006,104,6.5,95960,48.0,65.27,12284.0,392.0,3275,0,9.666666666666666,3
289,2016,84,6.4,616,74.0,0.01,1674.0,1275.0,0,0,3.0,1
290,2008,114,7.3,203096,53.0,5.69,19765.666666666668,662.25,24047,47,6.0,1
291,2011,109,6.7,319025,53.0,37.55,25121.75,872.0,7580,0,4.666666666666667,2
292,2010,120,7.7,510100,95.0,96.92,14646.5,936.6666666666666,83185,93,8.0,3
293,2015,106,6.0,71149,34.0,27.36,22025.5,295.5,0,0,3.0,2
294,2015,110,6.0,37975,36.0,5.77,16464.0,850.6666666666666,0,0,7.333333333333333,1
295,2016,103,7.4,12643,54.0,0.04,0.0,0.0,2027,0,6.666666666666667,1
296,2015,95,7.0,62885,79.0,3.22,5465.5,21.0,0,0,10.0,1
297,2015,133,5.4,43085,51.0,7.1,22679.5,233.5,22227,0,8.0,1
298,2016,87,6.9,34248,56.0,72.66,6188.0,436.3333333333333,3075,0,4.333333333333333,3
299,2014,133,7.3,353305,72.0,350.12,30202.5,638.0,56012,0,6.0,4
300,2013,117,8.0,352801,84.0,27.3,41741.0,335.3333333333333,7942,0,8.0,2
301,2012,150,7.4,207497,86.0,182.2,35282.75,561.75,131784,1,10.333333333333334,4
302,2013,123,8.1,339722,75.0,26.9,19357.5,381.5,32144,4,6.0,2
303,2012,122,7.8,564364,81.0,132.09,86248.66666666667,485.0,22172,107,6.0,4
304,2014,126,7.8,271301,69.0,124.87,11377.5,935.0,0,0,7.0,4
305,2014,117,6.5,93764,31.0,46.28,6544.5,57.0,0,0,7.5,2
306,2009,107,6.6,217464,46.0,155.02,15124.0,347.3333333333333,0,0,6.0,4
307,2012,119,7.4,452369,84.0,66.47,52234.75,607.25,6716,0,4.666666666666667,3
308,2013,131,6.4,173320,52.0,73.1,28588.0,381.0,4571,0,4.0,3
309,2016,102,6.8,36322,71.0,76.2,13641.5,584.0,0,0,5.666666666666667,3
310,2007,139,6.2,406219,59.0,336.53,14547.0,577.3333333333334,1222,54,1.5,4
311,2011,110,5.8,92329,35.0,20.32,8594.0,1054.6666666666667,0,0,4.666666666666667,2
312,2007,127,7.7,220664,66.0,38.35,10501.666666666666,646.6666666666666,6283,0,5.666666666666667,2
313,2013,138,7.3,379088,90.0,150.12,70506.75,273.0,22172,107,6.0,4
314,2009,102,5.1,96617,47.0,16.2,7881.0,595.5,759,0,9.0,2
315,2011,94,7.7,320323,81.0,56.82,32006.666666666668,256.6666666666667,25099,33,7.0,3
316,2015,124,6.6,97679,56.0,56.44,65546.25,164.33333333333334,22172,107,3.0,3
317,2015,119,7.1,33352,47.0,2.02,32056.75,759.5,683,0,3.5,1
318,2016,96,6.7,45579,64.0,11.08,14236.5,583.25,25099,33,6.0,1
319,2015,119,6.3,171970,42.0,130.0,26031.0,819.6666666666666,2650,0,4.333333333333333,4
320,2014,102,5.5,59958,30.0,17.18,27925.333333333332,535.0,607,0,3.0,2
321,2014,123,7.7,299718,72.0,35.89,9964.0,1049.0,5661,0,9.0,2
322,2013,107,6.6,327838,67.0,101.47,21440.333333333332,682.75,8118,0,5.0,3
323,2013,123,7.8,221600,55.0,15.29,29206.5,956.0,1614,0,4.333333333333333,2
324,2008,98,6.9,223065,51.0,100.47,16135.0,731.5,4476,108,4.0,3
325,2014,100,5.7,14248,42.0,0.05,0.0,0.0,0,0,10.5,1
326,2013,132,7.8,417663,72.0,228.76,18056.5,475.0,17412,0,2.6666666666666665,4
327,2009,88,7.7,409403,73.0,75.59,29485.75,486.25,2598,0,6.333333333333333,3
328,2016,106,6.3,89059,72.0,30.0,43371.25,422.0,0,62,8.0,2
329,2008,120,8.0,677044,86.0,141.32,13885.5,1215.0,35149,71,3.0,4
330,2012,115,5.5,194329,52.0,292.3,17026.0,901.6666666666666,840,0,3.3333333333333335,4
331,2012,136,7.0,474320,66.0,262.03,15547.75,853.6666666666666,0,0,1.5,4
332,2016,123,5.7,28326,38.0,26.38,0.0,0.0,0,0,2.0,2
333,2016,89,6.0,702,62.0,3.85,0.0,1431.0,0,0,3.3333333333333335,1
334,2014,113,6.8,335531,57.0,102.41,0.0,0.0,0,0,6.333333333333333,3
335,2016,113,6.3,38430,36.0,14.27,46915.0,354.75,927,0,4.666666666666667,1
336,2008,110,6.7,312495,64.0,134.57,49694.25,354.0,0,0,5.666666666666667,4
337,2016,111,6.9,31776,71.0,27.37,14816.0,519.0,4457,0,6.666666666666667,2
338,2016,99,5.7,7583,33.0,2.2,25146.25,725.25,0,0,6.0,1
339,2015,123,6.9,135706,68.0,62.56,43891.666666666664,443.6666666666667,3622,0,8.333333333333334,3
340,2015,133,7.6,175673,82.0,109.71,7860.0,521.0,1200,0,9.5,3
341,2016,97,7.1,61812,64.0,4.21,20861.666666666668,834.5,0,0,2.6666666666666665,1
342,2014,126,6.1,137568,35.0,39.29,11172.0,217.0,0,0,3.3333333333333335,2
343,2014,86,7.6,84016,76.0,3.33,0.0,0.0,0,0,8.0,1
344,2015,124,7.4,169083,57.0,52.42,41363.0,267.6666666666667,13793,100,9.5,3
345,2015,142,7.6,217938,81.0,72.31,40084.25,671.25,131784,1,8.333333333333334,3
346,2014,100,7.8,266508,83.0,257.76,15266.666666666666,408.75,0,0,3.6666666666666665,4
347,2015,121,7.1,154647,64.0,43.25,18301.0,0.0,4456,0,2.0,2
348,2015,105,5.6,101092,27.0,78.75,14489.0,573.0,22925,80,5.333333333333333,3
349,2010,140,6.7,221117,53.0,105.22,41130.0,537.0,70150,28,2.0,3
350,2013,126,6.7,355362,60.0,132.55,29945.0,52.0,12816,0,2.6666666666666665,4
351,2012,132,6.6,220667,51.0,73.06,21131.333333333332,962.3333333333334,0,0,2.6666666666666665,3
352,2016,100,6.3,31913,63.0,20.57,0.0,834.0,0,0,3.0,2
353,2015,115,5.8,31194,39.0,10.64,22056.333333333332,500.0,4598,0,4.666666666666667,1
354,2015,122,7.2,116112,82.0,17.75,34483.0,420.75,35149,71,8.0,2
355,2013,101,5.4,114482,19.0,133.67,7331.0,263.0,0,124,4.0,4
356,2015,112,7.2,112288,51.0,42.48,45188.0,355.5,0,0,6.666666666666667,2
357,2008,112,6.8,342355,61.0,134.52,43739.75,604.25,10094,0,2.6666666666666665,4
358,2009,113,5.5,86417,23.0,109.18,0.0,547.6666666666666,0,0,4.0,3
359,2012,110,6.1,113686,72.0,113.71,30270.0,449.6666666666667,23802,40,3.5,3
360,2015,91,6.4,159830,56.0,336.03,31702.0,330.6666666666667,0,0,3.6666666666666665,4
361,2008,92,7.1,93972,0.0,0.1,64287.0,653.0,8977,0,8.0,1
362,2010,95,7.7,410607,72.0,251.5,13167.5,434.25,0,0,4.333333333333333,4
363,2014,118,6.7,49041,29.0,26.76,21647.0,992.5,0,0,7.0,2
364,2015,100,6.7,40529,74.0,0.23,0.0,0.0,759,0,7.333333333333333,1
365,2012,157,7.4,226661,95.0,95.72,29346.0,793.3333333333334,13141,90,8.333333333333334,3
366,2010,100,7.8,316459,71.0,200.81,0.0,758.5,0,0,4.333333333333333,4
367,2015,137,6.6,202380,65.0,281.67,37641.25,184.0,20883,0,2.6666666666666665,4
368,2015,99,6.1,74589,34.0,58.88,14860.0,578.0,0,0,2.5,3
369,2008,93,7.8,502961,50.0,145.0,34941.5,849.6666666666666,4598,0,4.5,4
370,2015,115,6.5,108306,63.0,183.44,11546.0,895.5,0,0,10.5,4
371,2013,104,7.3,252119,65.0,268.49,29860.25,268.0,0,0,4.333333333333333,4
372,2016,98,5.6,48161,38.0,21.2,14731.75,420.5,1332,0,4.0,2
373,2014,102,5.4,34546,55.0,1.82,19868.0,898.0,5774,35,7.0,1
374,2007,123,7.8,202890,0.0,50.92,23371.25,958.25,6785,0,8.666666666666666,3
375,2010,146,7.7,357213,65.0,294.98,22488.666666666668,456.3333333333333,0,0,5.666666666666667,4
376,2011,101,7.2,155010,72.0,4.0,36256.0,990.5,12290,0,3.0,1
377,2011,111,6.8,164208,65.0,40.25,24316.25,871.3333333333334,6785,0,4.0,2
378,2007,88,5.7,8914,35.0,0.04,0.0,0.0,0,0,3.0,1
379,2016,108,5.8,35003,45.0,10.91,2473.0,1060.0,0,0,9.0,1
380,2014,102,6.2,237887,48.0,106.37,12589.0,1088.0,0,0,3.6666666666666665,3
381,2016,99,5.9,100702,28.0,62.4,53793.5,378.5,0,0,4.666666666666667,3
382,2008,166,7.8,485075,70.0,127.49,65489.5,511.3333333333333,83185,93,6.666666666666667,4
383,2014,102,6.5,122185,46.0,13.75,26526.75,550.5,0,0,6.0,1
384,2007,115,8.1,525700,85.0,227.14,48940.0,486.0,26241,0,7.0,4
385,2016,109,6.0,54216,0.0,79.0,37963.0,0.0,0,0,7.0,3
386,2009,170,8.4,238789,67.0,6.52,3291.0,0.0,0,0,3.5,1
387,2016,102,4.7,48297,34.0,28.84,20536.75,149.66666666666666,5965,0,4.0,2
388,2013,116,7.0,494819,63.0,202.35,160473.0,752.0,12926,0,5.666666666666667,4
389,2011,132,7.4,382459,73.0,209.36,35545.75,804.5,5771,0,3.3333333333333335,4
390,2013,97,7.1,81301,0.0,0.03,7554.0,1153.0,0,0,5.333333333333333,1
391,2015,123,7.1,58421,33.0,37.43,8699.0,566.0,1482,0,7.0,2
392,2012,114,7.6,156189,73.0,19.0,21804.0,597.6666666666666,5108,0,5.0,2
393,2013,103,6.6,214825,41.0,28.75,17561.0,148.0,0,0,5.0,2
394,2013,130,6.3,181521,44.0,234.9,20235.0,534.75,1222,54,5.666666666666667,4
395,2015,117,7.5,94977,87.0,38.32,18347.0,1266.6666666666667,1905,0,7.0,2
396,2009,100,7.7,156620,80.0,75.28,15975.0,716.0,0,0,8.0,3
397,2010,112,7.4,151409,81.0,9.7,46452.5,526.0,6582,0,7.0,1
398,2006,125,6.6,184152,0.0,46.98,9924.5,979.0,2284,0,9.0,2
399,2012,95,7.1,213764,59.0,13.4,0.0,1214.3333333333333,0,0,3.5,1
400,2016,101,7.9,52331,81.0,5.2,10306.0,722.0,0,0,2.6666666666666665,1
401,2014,102,7.8,309186,74.0,222.49,0.0,1101.0,0,0,3.6666666666666665,4
402,2013,100,5.9,113272,53.0,35.27,33083.0,238.0,2506,0,8.5,2
403,2010,124,7.0,556666,57.0,312.06,30973.75,406.5,2357,0,2.6666666666666665,4
404,2015,101,7.0,58720,49.0,1.82,45655.0,648.0,7942,0,3.5,1
405,2009,108,6.8,126656,28.0,10.33,6425.0,935.3333333333334,0,0,9.333333333333334,1
406,2013,119,6.5,214994,41.0,98.9,53793.5,378.5,13793,100,4.5,3
407,2011,109,6.1,202682,36.0,55.09,0.0,1159.0,0,0,2.6666666666666665,3
408,2012,115,8.3,192263,76.0,0.61,7897.5,1287.0,6006,0,3.0,1
409,2009,108,6.7,241709,48.0,163.95,19607.333333333332,357.25,3275,0,6.0,4
410,2015,100,6.0,95119,34.0,90.35,2173.0,464.0,0,0,6.5,3
411,2011,117,6.4,182069,33.0,103.03,14674.0,79.0,0,124,7.5,3
412,2008,119,7.3,159736,69.0,22.88,102251.0,69.0,40712,83,7.0,2
413,2010,125,7.6,294553,74.0,92.17,38500.0,736.0,16143,0,6.333333333333333,3
414,2016,97,6.0,51235,42.0,35.79,0.0,0.0,0,0,11.0,2
415,2016,109,6.6,8229,63.0,4.07,34032.666666666664,1027.0,942,0,8.0,1
416,2015,103,6.3,57602,60.0,80.02,9917.0,155.0,0,0,5.0,3
417,2011,129,7.5,357436,48.0,186.83,40873.0,570.5,24047,47,4.0,4
418,2010,100,6.4,255813,65.0,118.31,19551.5,672.3333333333334,5032,0,7.666666666666667,4
419,2013,91,6.9,111558,61.0,1.01,32378.333333333332,220.0,29887,0,9.5,1
420,2009,112,8.0,556794,81.0,115.65,15020.0,0.0,15020,0,4.666666666666667,4
421,2010,107,6.7,199900,64.0,119.22,18270.333333333332,202.66666666666666,4476,108,5.0,4
422,2007,157,7.8,337835,76.0,130.13,48493.25,444.5,70150,28,8.333333333333334,4
423,2006,123,6.4,83941,65.0,15.96,9706.333333333334,951.6666666666666,8845,53,10.333333333333334,2
424,2009,158,5.8,297984,49.0,166.11,18517.666666666668,780.0,4571,0,2.6666666666666665,4
425,2009,153,7.5,351059,78.0,301.96,22488.666666666668,456.3333333333333,0,0,5.666666666666667,4
426,2012,120,7.7,481274,86.0,136.02,32984.0,335.25,16143,0,10.333333333333334,4
427,2016,106,7.4,56332,54.0,15.79,15991.5,685.0,2038,0,6.666666666666667,2
428,2006,137,8.5,278103,89.0,11.28,8915.25,0.0,5601,0,5.0,1
429,2008,111,7.2,226619,67.0,62.88,6573.0,402.25,3075,0,6.0,3
430,2014,97,6.5,93799,47.0,45.09,28536.5,77.5,5032,0,6.333333333333333,2
431,2016,115,6.3,48400,52.0,12.63,48374.5,941.5,5789,0,4.666666666666667,1
432,2016,97,6.3,55781,0.0,107.51,3573.0,889.25,0,0,3.6666666666666665,3
433,2012,94,7.8,254446,84.0,45.51,68184.0,22.5,27844,73,2.6666666666666665,2
434,2007,117,6.7,102954,81.0,118.82,26658.5,140.33333333333334,0,114,5.666666666666667,4
435,2013,115,6.7,84765,34.0,71.35,0.0,981.5,7692,0,7.0,3
436,2015,105,6.6,166489,56.0,53.85,31579.0,367.5,8750,0,5.333333333333333,3
437,2007,111,8.0,504039,96.0,206.44,44814.0,1053.5,5771,0,7.333333333333333,4
438,2010,98,6.5,36091,66.0,0.02,3411.0,0.0,0,0,7.333333333333333,1
439,2010,118,6.9,241359,53.0,94.82,60536.333333333336,493.0,4330,0,2.0,3
440,2008,85,7.0,313803,64.0,80.03,0.0,0.0,0,0,7.0,3
441,2015,114,5.3,44553,34.0,28.77,3439.0,1368.5,0,0,9.0,2
442,2013,108,6.3,94707,78.0,2.61,48093.0,130.0,763,0,7.333333333333333,1
443,2007,101,7.2,565721,65.0,256.39,23300.333333333332,34.0,20883,0,7.333333333333333,4
444,2012,106,6.8,278379,58.0,179.02,32012.333333333332,179.33333333333334,6465,0,2.3333333333333335,4
445,2011,112,7.1,298913,72.0,126.98,21807.0,891.0,17412,0,8.0,4
446,2009,109,7.4,228339,34.0,73.34,24939.0,232.0,5416,0,6.333333333333333,3
447,2009,96,8.3,722203,88.0,292.98,30050.0,508.0,0,0,4.333333333333333,4
448,2015,131,6.3,159364,43.0,81.69,0.0,0.0,0,0,4.666666666666667,3
449,2015,118,7.2,77995,95.0,0.25,32338.5,751.3333333333334,3877,0,7.0,1
450,2015,124,7.3,52636,64.0,2.7,55142.25,476.0,2116,0,8.0,1
451,2012,131,6.5,107960,59.0,47.31,12331.25,1021.5,18137,19,6.333333333333333,2
452,2009,95,7.7,398972,76.0,32.39,25939.333333333332,683.0,0,0,6.0,2
453,2013,94,4.3,83625,18.0,8.83,19844.0,305.0,0,0,7.5,1
454,2013,91,7.8,622089,96.0,274.08,48642.333333333336,82.66666666666667,14845,0,5.0,4
455,2008,94,7.8,144614,55.0,9.03,10962.0,1412.0,2346,0,11.0,1
456,2007,124,7.2,267820,53.0,46.98,21494.0,228.33333333333334,13793,100,4.666666666666667,2
457,2008,91,5.0,170897,34.0,64.51,22486.5,438.3333333333333,18353,30,6.0,3
458,2015,132,7.1,47289,72.0,66.01,14546.0,795.6666666666666,0,0,6.0,3
459,2010,92,7.1,294950,72.0,58.4,31836.0,773.3333333333334,0,0,6.0,3
460,2014,150,6.0,137299,52.0,65.01,58096.0,338.3333333333333,70150,28,2.0,3
461,2015,120,6.9,188769,41.0,31.57,23573.75,74.0,15020,0,4.666666666666667,2
462,2013,161,7.9,513744,66.0,258.36,18411.0,893.0,16153,27,3.5,4
463,2013,111,6.2,1356,51.0,0.05,42680.0,1013.0,0,0,7.0,1
464,2016,120,7.2,24100,59.0,2.96,79799.0,1260.0,0,0,11.666666666666666,1
465,2013,117,5.3,84927,48.0,16.97,30821.5,653.0,70150,28,6.333333333333333,2
466,2016,133,4.7,1830,57.0,23.05,0.0,0.0,0,0,6.666666666666667,2
467,2010,106,7.0,36043,60.0,0.06,22160.333333333332,982.5,567,0,6.333333333333333,1
468,2016,103,3.9,552,61.0,93.05,0.0,0.0,0,0,6.0,3
469,2013,100,5.4,26461,38.0,7.19,0.0,0.0,0,0,7.5,1
470,2014,123,6.4,318058,62.0,200.66,18080.0,736.3333333333334,0,0,2.6666666666666665,4
471,2012,135,6.7,245374,61.0,113.17,49329.333333333336,587.6666666666666,6154,0,5.0,3
472,2006,117,6.9,74674,47.0,7.46,37823.75,868.5,70150,28,6.0,1
473,2016,92,5.4,12758,59.0,64.03,0.0,0.0,0,0,10.5,3
474,2014,89,6.4,352698,61.0,126.55,107956.5,67.0,26033,0,4.666666666666667,4
475,2016,125,7.2,1024,77.0,1.08,20787.0,864.0,0,0,8.0,1
476,2014,132,6.5,143389,39.0,43.57,2305.5,1062.0,0,0,4.666666666666667,2
477,2012,130,7.0,250811,50.0,58.68,34068.333333333336,961.3333333333334,0,0,7.666666666666667,3
478,2016,108,5.7,24761,22.0,0.54,9862.5,686.75,0,0,2.3333333333333335,1
479,2010,128,7.2,137964,77.0,15.52,25467.333333333332,589.0,26022,0,9.5,2
480,2011,105,7.4,444417,59.0,79.24,57146.25,588.3333333333334,10853,0,8.0,3
481,2007,126,7.1,177247,0.0,53.68,10993.333333333334,425.3333333333333,2617,0,7.0,3
482,2016,112,6.7,54787,76.0,3.71,20646.75,728.0,3888,0,6.666666666666667,1
483,2016,92,6.8,10485,83.0,4.42,0.0,0.0,0,0,3.5,1
484,2010,108,6.5,324898,53.0,334.19,50212.25,517.25,30153,12,5.666666666666667,4
485,2016,98,6.8,391,68.0,0.11,16209.333333333334,768.0,0,0,10.666666666666666,1
486,2006,106,5.8,106381,45.0,118.68,6188.0,497.3333333333333,3824,0,6.0,4
487,2016,123,7.1,17141,79.0,7.7,21126.0,0.0,3888,0,9.0,1
488,2015,100,4.3,121847,27.0,56.11,9068.25,1015.5,0,0,2.6666666666666665,3
489,2015,91,4.6,30180,30.0,35.39,1326.5,839.0,0,0,9.5,2
490,2015,108,7.1,96688,77.0,43.77,26547.5,764.0,0,101,9.5,2
491,2014,92,6.3,148504,40.0,55.94,2440.5,1245.0,0,0,3.6666666666666665,3
492,2015,122,6.9,90372,47.0,24.99,41514.5,889.6666666666666,32144,4,5.333333333333333,2
493,2006,84,6.6,115355,66.0,0.44,3573.0,441.3333333333333,3965,0,3.3333333333333335,1
494,2010,103,6.5,283282,45.0,102.98,12605.333333333334,433.25,3807,0,3.3333333333333335,3
495,2013,91,6.5,133113,57.0,54.24,0.0,0.0,0,0,10.0,3
496,2012,110,6.8,171169,53.0,48.06,40666.0,367.0,2962,0,13.0,2
497,2012,101,7.8,290559,72.0,189.41,17884.5,614.3333333333334,0,0,4.333333333333333,4
498,2012,127,6.1,239772,57.0,155.11,13570.5,381.0,2028,0,2.0,4
499,2015,111,5.8,47804,36.0,34.96,26600.0,857.6666666666666,6785,0,5.666666666666667,2
500,2011,154,6.3,338369,42.0,352.36,15369.0,858.5,11714,59,2.6666666666666665,4
501,2007,96,7.5,432461,81.0,143.49,17140.0,443.0,14740,0,3.5,4
502,2016,98,6.1,26521,58.0,4.2,73959.0,10.0,10146,0,3.5,1
503,2016,98,6.5,68654,55.0,41.01,32025.333333333332,54.0,689,0,6.333333333333333,2
504,2014,109,6.0,110825,39.0,83.91,14257.5,534.0,10927,0,7.5,3
505,2007,107,7.1,150353,75.0,127.71,20902.0,468.75,0,0,7.333333333333333,4
506,2015,121,7.1,159582,51.0,75.27,73311.33333333333,224.33333333333334,8913,0,3.5,3
507,2006,101,7.8,374044,80.0,59.89,19667.0,718.25,6926,0,3.5,3
508,2016,117,6.8,11900,62.0,4.85,23567.0,849.0,0,0,10.666666666666666,1
509,2010,106,5.8,238206,39.0,163.19,39468.25,598.6666666666666,10094,0,3.0,4
510,2016,117,6.8,44425,58.0,27.55,22071.25,886.25,4666,0,6.666666666666667,2
511,2010,125,6.8,273959,49.0,172.05,12867.0,690.3333333333334,0,0,2.6666666666666665,4
512,2013,146,7.6,525646,76.0,424.65,40858.0,197.0,20883,0,5.0,4
513,2010,101,6.3,44158,57.0,0.58,32322.666666666668,481.0,631,0,8.0,1
514,2016,90,4.9,6809,37.0,131.56,0.0,0.0,0,0,2.0,4
515,2014,94,5.1,89885,36.0,38.54,23982.0,672.0,0,0,7.5,2
516,2012,110,5.7,60059,41.0,41.1,16034.0,157.0,0,0,6.0,2
517,2011,133,7.6,297395,87.0,75.61,76765.25,467.0,7694,128,10.666666666666666,3
518,2007,114,5.2,190673,35.0,115.8,16982.0,159.66666666666666,0,0,5.0,4
519,2014,137,7.2,114006,59.0,115.6,27853.0,1399.5,1767,0,10.666666666666666,4
520,2011,110,6.0,142900,46.0,83.5,21418.0,851.3333333333334,1465,0,3.6666666666666665,3
521,2007,107,7.3,199860,64.0,3.68,24036.75,935.75,35149,71,4.333333333333333,1
522,2012,93,7.2,293941,69.0,237.28,15811.5,678.5,0,0,4.333333333333333,4
523,2009,152,7.8,182074,76.0,10.1,14706.0,1291.0,3009,0,7.333333333333333,1
524,2013,112,6.2,25208,37.0,0.32,27373.333333333332,728.5,0,0,7.0,1
525,2014,106,7.1,116118,69.0,10.72,22303.0,781.0,0,0,8.0,1
526,2006,105,6.4,122864,45.0,2.34,12284.0,601.0,0,0,10.333333333333334,1
527,2015,96,6.1,68306,42.0,150.32,13071.75,107.5,0,0,7.0,4
528,2010,116,7.2,97141,79.0,12.13,12961.0,1236.0,0,0,9.666666666666666,1
529,2008,110,6.6,84083,39.0,24.85,6488.0,1289.3333333333333,0,0,7.0,2
530,2016,83,6.2,63408,44.0,6.86,7571.0,895.3333333333334,10094,0,2.3333333333333335,1
531,2009,97,7.9,277123,67.0,5.01,53706.0,813.5,9834,0,6.666666666666667,1
532,2010,95,7.3,183926,63.0,148.34,63051.666666666664,224.5,0,0,4.666666666666667,4
533,2013,113,6.7,181432,40.0,46.0,39177.75,457.75,2598,0,4.666666666666667,2
534,2016,88,6.4,40357,66.0,93.95,17785.5,257.0,506,0,4.666666666666667,3
535,2016,95,7.2,89791,66.0,143.52,21735.25,226.5,0,0,3.6666666666666665,4
536,2015,110,5.1,1630,90.0,6.53,0.0,0.0,0,0,6.0,1
537,2011,98,6.9,368556,57.0,117.53,0.0,786.0,0,0,6.5,4
538,2014,139,8.1,33560,74.0,3.49,714.0,0.0,714,0,3.0,1
539,2008,120,7.0,216932,78.0,75.75,0.0,794.5,14402,0,3.0,3
540,2013,124,6.2,71822,52.0,19.45,13850.0,266.5,2617,0,6.666666666666667,2
541,2016,162,7.6,24387,93.0,1.48,533.0,0.0,533,0,3.5,1
542,2009,135,6.7,130702,42.0,43.98,24218.75,520.75,16153,27,5.333333333333333,2
543,2007,160,7.5,143564,68.0,3.9,63445.25,477.3333333333333,1892,0,8.333333333333334,1
544,2013,90,6.6,199973,66.0,24.48,54151.0,340.5,2640,0,6.0,2
545,2016,92,6.3,21089,48.0,0.04,4857.666666666667,287.0,0,0,4.666666666666667,1
546,2016,101,4.0,277,53.0,20.76,0.0,0.0,0,0,5.0,2
547,2015,95,6.3,30053,52.0,0.03,32256.333333333332,794.6666666666666,0,0,5.666666666666667,1
548,2013,114,7.3,249877,54.0,58.23,21607.5,664.0,5965,0,2.6666666666666665,3
549,2015,103,7.3,66400,72.0,17.47,0.0,0.0,0,0,5.333333333333333,2
550,2012,88,6.4,127157,39.0,62.32,7832.0,1010.3333333333334,0,0,7.333333333333333,3
551,2009,108,6.6,94069,49.0,0.4,28932.0,241.0,7514,0,8.5,1
552,2009,97,5.6,78631,34.0,65.0,2068.0,1067.0,0,0,14.0,3
553,2014,109,6.0,144715,26.0,89.25,33782.666666666664,656.75,0,0,4.5,3
554,2012,118,6.3,210965,43.0,58.88,19159.666666666668,480.3333333333333,0,0,5.0,3
555,2006,104,6.7,406540,58.0,234.36,14424.333333333334,332.25,3970,125,3.0,4
556,2014,98,6.2,74886,47.0,113.73,30473.0,89.75,0,0,5.0,3
557,2010,112,6.7,151519,55.0,32.36,59397.5,149.5,19428,0,6.0,2
558,2014,112,6.6,261536,52.0,6.11,19387.0,441.0,8118,0,4.0,1
559,2006,120,7.0,73491,85.0,2.2,9321.0,0.0,16113,0,7.0,1
560,2008,98,8.4,776897,0.0,223.81,0.0,0.0,0,0,6.333333333333333,4
561,2007,129,7.0,309398,85.0,148.73,10299.0,558.75,0,42,7.5,4
562,2011,93,7.5,404884,74.0,54.7,36956.25,889.75,9834,0,9.333333333333334,3
563,2012,116,7.3,195360,58.0,37.4,35039.5,887.0,5789,0,6.0,2
564,2014,83,5.6,50402,59.0,31.54,0.0,0.0,0,0,9.666666666666666,2
565,2012,113,6.7,178471,49.0,56.72,0.0,835.0,0,0,4.0,3
566,2006,117,8.0,361105,64.0,162.59,35326.0,596.0,5785,0,8.0,4
567,2014,122,8.1,110100,77.0,3.08,0.0,0.0,2464,0,4.666666666666667,1
568,2016,113,7.5,4304,73.0,0.86,0.0,0.0,526,0,12.333333333333334,1
569,2008,116,8.2,595779,0.0,148.09,55367.0,17.0,56012,0,3.0,4
570,2015,101,6.6,76469,42.0,13.65,25675.5,638.0,1708,0,3.5,1
571,2011,101,5.3,27006,0.0,0.03,0.0,1146.0,0,0,7.0,1
572,2014,104,5.6,44111,30.0,7.79,19186.0,0.0,1052,0,4.0,1
573,2007,116,7.4,296289,83.0,52.88,50219.5,394.6666666666667,30153,12,12.333333333333334,3
574,2010,103,6.8,219916,52.0,53.99,6100.0,1015.5,6578,0,11.0,3
575,2016,87,6.7,30875,68.0,9.39,3981.0,811.0,0,0,10.5,1
576,2009,140,7.0,240323,70.0,97.03,75739.33333333333,198.0,22227,0,8.333333333333334,3
577,2014,165,7.9,286722,100.0,25.36,26528.5,515.0,18652,0,3.0,2
578,2014,101,5.9,178527,31.0,190.87,0.0,547.0,0,0,2.3333333333333335,4
579,2007,100,7.7,198006,82.0,17.11,23654.666666666668,653.0,9326,97,8.0,2
580,2015,96,6.7,2798,62.0,0.03,25787.5,874.0,0,0,3.0,1
581,2008,111,7.0,267872,64.0,87.34,19387.0,638.0,701,142,5.0,3
582,2012,95,6.9,54027,55.0,0.02,828.0,0.0,0,0,6.0,1
583,2007,114,7.7,206707,72.0,20.3,73738.25,529.0,16143,0,8.0,2
584,2013,117,6.6,140151,60.0,159.58,14466.666666666666,561.6666666666666,2839,0,5.0,4
585,2016,102,7.1,5796,88.0,0.28,2051.0,1334.0,0,0,3.0,1
586,2012,129,6.6,75291,63.0,12.8,30727.5,454.0,6785,0,7.0,1
587,2015,106,5.7,26320,32.0,0.05,27578.0,620.3333333333334,7626,127,8.0,1
588,2015,115,6.3,136323,48.0,81.26,24515.0,490.3333333333333,0,0,5.333333333333333,3
589,2013,129,6.5,168875,45.0,49.87,21399.5,450.5,11714,59,5.333333333333333,2
590,2006,143,8.0,422014,64.0,57.37,68248.0,636.6666666666666,19428,0,3.6666666666666665,3
591,2015,137,6.5,47703,41.0,1.21,61728.333333333336,844.3333333333334,2665,92,6.333333333333333,1
592,2008,131,7.6,352023,94.0,15.7,39321.5,908.0,13141,90,8.333333333333334,2
593,2011,114,5.6,231907,39.0,116.59,8720.666666666666,767.0,8030,0,2.6666666666666665,4
594,2007,126,7.2,233346,58.0,25.59,18125.0,999.0,52350,0,14.0,2
595,2013,115,6.7,188004,49.0,25.12,11864.5,428.5,1566,0,7.666666666666667,2
596,2014,102,7.2,80415,44.0,0.01,721.0,1123.0,0,0,7.5,1
597,2015,101,6.5,57874,56.0,34.02,21281.0,841.0,0,0,4.0,2
598,2016,140,7.2,2403,78.0,0.54,9321.0,0.0,589,0,4.0,1
599,2014,123,6.7,331902,64.0,337.1,37641.25,184.0,20883,0,2.6666666666666665,4
600,2011,112,7.5,104953,68.0,1.74,35531.0,1060.0,2393,0,7.333333333333333,1
601,2016,90,6.5,16164,87.0,14.01,11366.5,558.0,0,0,6.0,1
602,2013,130,5.9,112313,33.0,31.17,760.0,1123.0,0,0,7.333333333333333,2
603,2008,123,7.7,245144,36.0,69.95,31247.0,487.5,5785,0,7.0,3
604,2010,118,8.0,534388,88.0,138.8,36791.333333333336,749.6666666666666,16025,0,8.0,4
605,2008,96,7.6,54486,82.0,0.15,0.0,0.0,12290,0,8.0,1
606,2008,88,6.1,252503,35.0,80.17,27570.0,826.3333333333334,7058,140,2.6666666666666665,3
607,2010,103,8.3,586669,92.0,414.98,61865.5,263.75,0,0,4.333333333333333,4
608,2011,122,7.1,157053,85.0,24.1,66278.0,769.0,2058,0,7.333333333333333,2
609,2012,96,5.4,114144,39.0,42.35,8135.0,605.0,0,0,7.0,2
610,2016,151,7.8,23540,56.0,1.4,1370.0,0.0,0,0,7.0,1
611,2016,104,6.5,10708,0.0,1.36,33540.0,474.25,0,0,8.0,1
612,2014,105,5.5,90188,39.0,23.22,7790.0,736.0,0,0,2.0,2
613,2012,127,7.9,471109,79.0,124.98,8241.0,1448.0,18329,41,3.3333333333333335,4
614,2011,100,6.1,19636,0.0,0.2,11215.333333333334,398.3333333333333,0,0,6.0,1
615,2014,106,7.3,86271,57.0,0.33,5509.0,0.0,0,0,6.333333333333333,1
616,2007,128,7.2,347567,69.0,134.52,90295.0,693.3333333333334,0,0,3.3333333333333335,4
617,2007,111,6.5,73835,0.0,1.29,26535.0,722.5,5440,0,8.666666666666666,1
618,2012,106,7.0,494641,62.0,218.63,26658.0,475.75,0,0,5.0,4
619,2010,111,7.1,250012,60.0,90.36,70421.0,216.5,2650,0,5.0,3
620,2008,165,6.6,106115,53.0,49.55,30224.0,69.5,13581,99,5.0,2
621,2010,98,6.5,83788,44.0,23.23,13781.0,536.0,1482,0,4.666666666666667,2
622,2011,106,7.1,208632,0.0,62.45,80237.0,235.5,0,0,7.666666666666667,3
623,2016,88,6.5,5908,53.0,1.02,15370.666666666666,1037.3333333333333,0,0,6.0,1
624,2014,141,7.4,146812,48.0,47.11,40092.75,368.0,2408,134,6.0,2
625,2013,96,6.2,18437,50.0,5.73,24415.0,1229.6666666666667,1905,0,8.0,1
626,2009,150,6.0,335757,35.0,402.08,15369.0,711.0,11714,59,2.6666666666666665,4
627,2016,80,7.6,11482,86.0,0.92,0.0,0.0,0,0,7.0,1
628,2014,95,7.3,50388,67.0,50.15,16165.333333333334,558.3333333333334,0,0,4.333333333333333,3
629,2010,131,8.2,92863,80.0,6.86,4342.0,0.0,29887,0,11.333333333333334,1
630,2007,116,5.8,74664,46.0,36.77,20610.5,538.6666666666666,0,0,7.5,2
631,2006,108,6.5,141141,77.0,197.99,24178.75,143.0,3021,0,7.333333333333333,4
632,2015,104,6.6,64557,38.0,32.36,0.0,0.0,0,0,4.0,2
633,2008,86,6.2,96718,47.0,52.53,20033.0,456.0,0,0,11.0,3
634,2014,138,5.8,209700,68.0,101.16,42075.75,236.25,30689,113,2.0,3
635,2014,97,6.4,236500,68.0,150.06,9784.333333333334,566.5,3075,0,4.0,4
636,2013,123,6.7,65824,60.0,0.33,26026.0,848.5,7514,0,3.0,1
637,2014,115,7.1,95553,76.0,37.88,18609.5,254.0,7942,0,5.666666666666667,2
638,2010,102,6.0,190385,30.0,162.0,6101.5,207.5,0,124,4.0,4
639,2016,89,5.1,26088,47.0,20.75,0.0,0.0,0,0,10.5,2
640,2010,140,6.2,127983,61.0,176.59,9922.0,575.3333333333334,0,0,5.0,4
641,2012,113,6.2,209326,55.0,79.71,40228.5,502.75,30153,12,8.0,3
642,2011,109,6.6,286543,63.0,55.8,14745.666666666666,715.3333333333334,0,0,7.5,3
643,2006,110,7.6,309934,68.0,39.83,35565.0,695.5,10853,0,8.666666666666666,2
644,2010,117,6.8,219116,47.0,77.21,34194.5,235.33333333333334,3278,0,2.3333333333333335,3
645,2014,100,6.7,71069,76.0,0.32,0.0,0.0,0,0,7.0,1
646,2013,119,6.3,166342,42.0,44.67,20146.5,516.3333333333334,0,0,4.0,2
647,2011,104,7.0,201707,57.0,37.37,19590.333333333332,873.3333333333334,0,0,3.3333333333333335,2
648,2006,149,6.6,338280,46.0,217.54,45081.0,639.5,32144,4,9.5,4
649,2016,104,7.7,16163,37.0,0.69,9739.5,8.0,1207,126,3.5,1
650,2011,126,7.5,259182,83.0,73.82,27919.666666666668,450.5,103526,11,4.666666666666667,3
651,2015,93,5.6,4155,68.0,0.02,5216.0,941.0,0,0,10.5,1
652,2008,128,7.1,182305,57.0,39.38,74736.0,487.0,70150,28,5.333333333333333,2
653,2015,118,5.7,17439,53.0,0.56,80845.66666666667,379.5,7751,0,7.0,1
654,2008,112,5.2,124554,31.0,102.18,8849.0,747.0,0,0,3.0,3
655,2016,99,5.4,29642,40.0,63.03,1317.0,421.3333333333333,0,0,4.0,3
656,2016,111,6.6,8998,54.0,4.71,77376.0,69.0,0,0,6.0,1
657,2009,129,8.2,144524,80.0,20.17,4253.5,0.0,2629,0,8.666666666666666,2
658,2010,110,7.6,254904,80.0,171.03,49388.75,470.25,0,62,7.333333333333333,4
659,2015,96,6.2,25903,46.0,3.59,0.0,520.0,0,0,10.333333333333334,1
660,2014,116,6.1,144779,44.0,42.62,29275.666666666668,391.5,0,0,11.0,2
661,2016,127,5.7,3731,0.0,3.65,4817.5,1123.0,0,0,6.0,1
662,2016,99,6.1,30035,65.0,34.9,0.0,0.0,0,0,10.5,2
663,2013,106,5.9,91684,39.0,68.56,6776.0,1197.3333333333333,0,0,5.666666666666667,3
664,2007,113,7.2,148943,68.0,39.0,38630.5,638.0,4723,0,8.0,2
665,2013,104,6.5,92875,61.0,27.69,0.0,853.0,0,0,13.0,2
666,2008,107,7.9,322536,67.0,7.76,33883.0,806.0,13926,0,5.333333333333333,1
667,2012,103,6.3,154400,31.0,54.76,27664.25,393.0,0,0,5.666666666666667,3
668,2009,111,7.3,187302,0.0,0.06,37906.333333333336,310.0,5789,0,2.0,1
669,2011,113,5.2,84893,0.0,21.27,0.0,550.5,0,0,3.0,2
670,2010,116,7.8,290056,79.0,93.57,62091.75,517.75,22172,107,6.0,3
671,2007,114,7.5,91229,38.0,31.66,12008.0,885.3333333333334,1489,0,10.0,2
672,2014,114,7.3,151970,68.0,31.24,42023.0,300.0,2357,0,3.5,2
673,2015,102,7.3,57826,73.0,18.7,26592.5,507.3333333333333,1273,0,9.666666666666666,2
674,2008,118,6.6,156158,43.0,101.11,13101.0,864.25,0,0,7.0,3
675,2013,85,5.7,154588,41.0,64.42,40666.0,702.5,0,0,8.666666666666666,3
676,2014,153,8.2,103279,51.0,10.57,3291.0,0.0,0,0,6.0,1
677,2013,114,6.7,194236,0.0,61.66,35875.0,738.6666666666666,1273,0,3.5,3
678,2008,122,6.2,351361,65.0,317.01,43145.25,447.6666666666667,131784,1,3.0,4
679,2015,109,6.3,72515,56.0,31.99,0.0,0.0,0,0,8.666666666666666,2
680,2015,119,5.7,25928,65.0,0.34,6341.75,804.3333333333334,0,0,3.0,1
681,2008,106,6.6,347798,58.0,168.37,24300.25,228.0,12926,0,3.3333333333333335,4
682,2010,98,8.1,523893,74.0,217.39,6962.0,867.0,0,0,3.6666666666666665,4
683,2006,110,5.6,82701,36.0,42.27,24997.666666666668,843.3333333333334,18353,30,7.0,2
684,2006,96,7.3,199193,51.0,10.14,23246.0,450.0,30689,113,4.0,1
685,2011,106,6.2,110490,57.0,191.45,67879.33333333333,297.0,17414,0,4.333333333333333,4
686,2016,102,5.1,10871,35.0,0.78,11989.0,909.0,0,0,10.5,1
687,2015,108,7.2,29912,0.0,3.86,11877.0,511.0,0,0,8.0,1
688,2011,113,6.9,218679,56.0,61.09,27218.75,550.5,8427,0,7.0,3
689,2015,117,6.5,67196,34.0,12.28,19168.25,343.5,1465,0,6.333333333333333,1
690,2007,120,7.3,128146,45.0,28.48,12902.25,478.25,2068,0,6.333333333333333,2
691,2014,95,6.9,31370,31.0,0.04,5617.0,946.0,0,0,6.0,1
692,2013,134,7.8,346154,83.0,107.1,72262.0,660.0,26241,0,7.666666666666667,3
693,2016,92,4.6,11555,22.0,3.77,20242.5,804.0,0,0,4.333333333333333,1
694,2015,89,6.7,69157,44.0,169.69,4155.0,508.0,0,0,7.333333333333333,4
695,2008,92,6.4,366138,49.0,227.95,26469.0,141.66666666666666,7909,0,4.666666666666667,4
696,2015,118,6.0,50241,58.0,87.03,3573.0,307.0,0,0,4.0,3
697,2013,111,6.3,92868,42.0,36.92,85226.0,96.0,26033,0,6.666666666666667,2
698,2008,101,6.6,154936,56.0,31.45,21604.5,720.0,5774,35,7.5,2
699,2016,66,7.8,4370,85.0,0.29,0.0,0.0,0,0,5.0,1
700,2012,102,6.6,129252,40.0,18.6,16499.0,1029.3333333333333,0,0,6.0,2
701,2011,108,6.2,178243,50.0,70.63,21187.5,560.5,6171,0,7.5,3
702,2006,120,7.3,87887,77.0,5.48,126932.0,329.0,2963,77,5.666666666666667,1
703,2013,98,7.4,304837,62.0,368.05,23007.0,544.3333333333334,0,0,4.333333333333333,4
704,2014,114,6.5,93883,57.0,25.98,62334.0,28.0,1573,0,8.0,2
705,2013,109,7.0,199813,81.0,26.0,19482.0,1074.25,18390,0,3.6666666666666665,2
706,2012,110,7.2,196652,66.0,14.99,37160.75,382.5,13926,0,6.5,1
707,2007,115,6.2,146566,59.0,82.16,33820.5,810.3333333333334,63408,37,3.6666666666666665,3
708,2014,105,6.2,103681,57.0,50.55,23760.75,532.25,584,0,4.0,3
709,2007,104,6.8,221073,64.0,71.98,28528.0,97.0,1566,0,10.0,3
710,2014,111,6.0,52537,55.0,33.63,23865.0,378.5,0,0,6.333333333333333,2
711,2010,116,6.6,233148,50.0,90.76,32723.75,859.25,10786,0,3.0,3
712,2013,95,7.1,115751,82.0,6.85,18676.25,1040.6666666666667,0,0,6.0,1
713,2016,111,6.8,4771,65.0,3.9,24483.5,1153.3333333333333,0,0,9.0,1
714,2015,93,6.7,19309,60.0,0.05,0.0,1201.0,0,0,2.3333333333333335,1
715,2013,100,6.2,142560,57.0,71.59,26185.0,849.0,0,0,10.5,3
716,2009,123,7.0,153448,42.0,41.57,30133.0,1046.0,8427,0,11.0,2
717,2012,112,6.3,72050,54.0,16.68,15907.666666666666,704.0,25099,33,7.5,2
718,2009,87,7.8,149779,83.0,21.0,36410.5,349.5,27844,73,4.333333333333333,2
719,2006,129,7.6,285441,76.0,88.5,37998.5,252.25,14426,14,8.0,3
720,2010,94,7.6,294010,82.0,18.33,17293.0,733.5,35149,71,5.666666666666667,2
721,2014,99,5.4,91106,37.0,84.26,0.0,728.0,0,0,11.0,3
722,2009,123,6.8,130153,65.0,7.69,22115.75,448.6666666666667,22977,58,6.333333333333333,1
723,2009,118,5.8,180105,32.0,150.17,10185.0,282.6666666666667,0,0,2.6666666666666665,4
724,2016,119,7.0,5855,72.0,0.3,31969.0,1304.0,1674,0,8.0,1
725,2016,91,4.6,5715,0.0,6.88,29246.0,629.0,0,0,8.0,1
726,2007,191,7.6,160350,0.0,25.03,21491.0,174.5,2019,70,7.666666666666667,2
727,2008,87,1.9,77207,15.0,14.17,0.0,0.0,0,0,4.0,1
728,2006,102,7.2,171356,63.0,70.27,14520.0,543.0,3807,0,9.5,3
729,2012,94,6.4,16917,54.0,49.0,0.0,0.0,0,0,7.0,2
730,2011,120,7.4,67464,76.0,11.23,22380.333333333332,1197.3333333333333,2283,0,7.0,1
731,2008,112,5.7,62719,29.0,70.22,29702.333333333332,124.66666666666667,0,141,2.3333333333333335,3
732,2012,83,6.4,225394,58.0,59.62,24107.5,728.0,0,0,4.0,3
733,2014,108,6.3,38804,24.0,5.98,0.0,1046.0,0,0,10.0,1
734,2016,128,7.5,5531,84.0,0.13,0.0,0.0,847,0,6.0,1
735,2008,113,5.5,163144,54.0,100.02,13218.0,429.5,0,124,3.0,3
736,2014,108,6.3,125190,40.0,54.41,6188.0,607.75,0,0,6.5,3
737,2015,125,6.4,15232,74.0,1.98,40429.333333333336,850.6666666666666,2283,0,5.0,1
738,2011,135,7.1,137117,80.0,3.03,10327.25,228.5,7514,0,3.0,1
739,2009,97,7.1,95480,73.0,104.37,0.0,0.0,0,0,4.333333333333333,3
740,2010,98,6.8,157499,69.0,81.56,22821.333333333332,348.3333333333333,22797,96,4.5,3
741,2012,138,7.3,276347,76.0,93.75,44674.0,161.33333333333334,63408,37,5.0,3
742,2015,94,6.7,77447,55.0,177.34,1833.5,286.5,0,0,4.333333333333333,4
743,2013,131,7.8,77986,49.0,0.09,24304.5,599.0,6892,0,8.0,1
744,2013,128,7.5,69659,62.0,95.0,44402.0,89.0,2492,136,10.666666666666666,3
745,2008,123,6.8,198395,48.0,81.16,30013.333333333332,711.0,2237,0,6.333333333333333,3
746,2013,104,7.4,111875,62.0,16.17,38895.333333333336,698.3333333333334,4572,133,10.0,2
747,2013,116,6.8,88829,63.0,11.33,65508.75,430.75,3622,0,6.333333333333333,1
748,2008,96,7.1,208770,70.0,23.21,37867.0,773.0,25099,33,7.0,2
749,2008,92,7.6,329788,73.0,215.4,22407.666666666668,136.0,0,0,3.6666666666666665,4
750,2016,111,5.9,9993,67.0,54.01,0.0,689.5,0,0,3.5,3
751,2009,115,6.6,297093,49.0,125.32,51184.333333333336,678.0,0,0,2.0,4
752,2007,123,7.5,55648,64.0,36.58,8644.666666666666,718.6666666666666,2617,0,8.333333333333334,2
753,2006,107,6.4,136642,52.0,41.78,1891.0,1030.0,0,0,14.0,2
754,2008,141,7.8,206793,63.0,35.71,17445.5,682.0,56012,0,9.333333333333334,2
755,2010,113,7.2,119376,40.0,19.06,9561.0,893.0,1891,0,7.0,2
756,2014,81,6.2,32310,54.0,66.95,26171.5,127.0,0,0,7.0,3
757,2013,85,7.1,100890,81.0,1.36,38889.5,1037.3333333333333,1798,0,3.0,1
758,2013,120,6.5,61060,46.0,0.16,26152.0,836.5,0,0,7.666666666666667,1
759,2016,110,6.9,7402,78.0,3.4,6776.0,1400.0,0,0,7.0,1
760,2015,122,6.9,20907,67.0,0.64,12993.0,1382.0,0,0,10.333333333333334,1
761,2011,99,6.6,20194,51.0,52.69,0.0,0.0,0,0,7.0,3
762,2006,126,6.9,270429,66.0,133.38,47538.5,768.0,17412,0,3.3333333333333335,4
763,2015,116,7.7,21569,70.0,3.36,0.0,0.0,0,0,3.5,1
764,2009,85,2.7,59512,45.0,9.35,11053.0,993.0,0,0,3.0,1
765,2012,93,5.4,64584,31.0,44.8,19452.0,182.0,0,0,4.5,2
766,2011,107,7.0,113599,48.0,13.77,31583.666666666668,559.0,1955,0,7.0,1
767,2010,114,6.6,101301,39.0,53.36,0.0,733.0,0,0,6.0,3
768,2007,100,7.0,221858,78.0,28.64,19758.5,780.0,0,0,7.333333333333333,2
769,2013,98,6.9,193579,59.0,66.36,11215.0,994.3333333333334,4600,0,9.666666666666666,3
770,2013,98,7.3,160592,78.0,33.4,30607.25,739.25,25099,33,3.0,2
771,2013,110,5.8,152145,41.0,122.51,9864.5,568.3333333333334,0,0,2.6666666666666665,4
772,2012,99,5.8,159230,37.0,83.64,43779.25,740.75,0,0,3.0,3
773,2016,120,6.9,8365,68.0,1.91,0.0,0.0,0,0,2.0,1
774,2013,125,7.5,125693,65.0,83.3,52960.333333333336,214.33333333333334,5924,0,6.666666666666667,3
775,2014,119,6.3,184564,42.0,23.01,90393.25,658.75,0,0,8.666666666666666,2
776,2011,96,6.9,173919,63.0,143.62,36152.0,373.3333333333333,0,0,4.333333333333333,4
777,2015,101,6.1,16361,43.0,0.03,9525.5,1059.5,0,0,6.333333333333333,1
778,2006,143,7.5,253417,69.0,34.3,75400.33333333333,256.5,0,0,3.0,2
779,2011,139,6.8,143517,85.0,13.3,80074.0,408.0,7751,0,4.5,1
780,2012,101,6.5,82874,39.0,60.44,8547.0,520.0,689,0,7.0,3
781,2010,88,5.5,75262,53.0,25.0,15437.333333333334,618.0,0,0,8.333333333333334,2
782,2011,100,7.7,281625,72.0,34.96,28164.0,676.75,4600,0,6.0,2
783,2012,134,6.2,108156,0.0,67.52,979.0,573.0,0,42,7.5,3
784,2011,127,7.1,264480,56.0,85.46,29945.0,642.6666666666666,0,0,5.0,3
785,2008,145,5.5,102547,53.0,152.64,4156.5,643.5,0,0,6.0,4
786,2008,92,7.1,187077,46.0,42.72,14520.0,72.0,3807,0,9.333333333333334,2
787,2015,123,7.1,61274,0.0,34.53,39628.5,400.3333333333333,0,0,10.666666666666666,2
788,2006,117,7.9,93036,64.0,2.28,0.0,0.0,1465,0,2.6666666666666665,1
789,2009,96,6.5,172558,28.0,88.92,6962.0,516.0,2237,0,7.5,3
790,2009,89,5.5,83976,24.0,58.72,22183.333333333332,184.66666666666666,1545,0,7.5,3
791,2015,101,6.5,27730,64.0,0.81,1211.0,1021.0,0,0,6.0,1
792,2006,105,5.6,118905,58.0,34.01,73401.0,297.0,2244,0,4.0,2
793,2013,98,6.8,55243,59.0,3.45,11535.666666666666,497.0,0,0,7.5,1
794,2014,102,7.9,237565,76.0,177.0,29225.0,733.3333333333334,0,0,3.6666666666666665,4
795,2014,117,6.2,190833,52.0,58.61,52675.333333333336,699.3333333333334,1529,0,5.333333333333333,3
796,2015,95,6.7,12361,63.0,14.44,31640.0,43.0,1390,0,6.0,1
797,2007,122,6.9,269581,62.0,117.14,120425.33333333333,58.333333333333336,23802,40,8.0,4
798,2006,95,6.5,64351,69.0,7.77,23590.0,980.0,0,0,7.666666666666667,1
799,2011,106,6.6,187004,70.0,75.64,70544.75,250.0,23802,40,5.0,3
800,2015,133,6.4,17565,72.0,0.08,19986.666666666668,765.0,0,0,7.666666666666667,1
801,2007,96,7.2,117297,74.0,82.23,11780.5,986.6666666666666,0,0,4.666666666666667,3
802,2013,89,7.2,66265,65.0,0.07,0.0,0.0,0,0,8.0,1
803,2009,122,6.7,33007,60.0,36.84,0.0,957.0,1482,0,8.333333333333334,2
804,2016,156,7.5,17962,81.0,0.79,0.0,0.0,0,0,7.666666666666667,1
805,2012,103,6.6,257395,51.0,85.02,17470.0,166.5,0,0,3.3333333333333335,3
806,2006,147,7.5,199387,56.0,2.21,37624.0,239.5,10146,0,6.0,1
807,2007,113,6.1,155078,51.0,70.08,33811.0,139.0,2535,118,5.666666666666667,3
808,2010,97,6.4,67801,62.0,0.12,17656.666666666668,896.0,0,0,2.0,1
809,2015,93,6.3,31651,32.0,3.64,0.0,0.0,0,0,6.666666666666667,1
810,2009,102,6.4,152808,48.0,64.15,0.0,582.0,0,0,5.666666666666667,3
811,2015,103,6.8,57921,38.0,27.29,19273.0,519.3333333333334,0,0,4.5,2
812,2006,154,6.1,246797,72.0,200.07,38641.5,743.6666666666666,17703,0,2.6666666666666665,4
813,2011,117,4.9,190244,45.0,281.28,17026.0,901.6666666666666,840,0,3.3333333333333335,4
814,2009,110,7.3,91623,79.0,47.54,12394.0,1017.0,2878,67,3.0,2
815,2015,110,5.9,7475,23.0,0.02,40341.333333333336,569.0,16782,0,3.0,1
816,2012,144,7.1,112902,0.0,16.38,55750.0,313.5,17949,0,3.0,2
817,2011,113,5.9,39380,58.0,51.78,8559.0,339.5,0,0,8.0,3
818,2014,107,6.8,92170,46.0,50.46,12900.0,1457.0,0,0,8.666666666666666,3
819,2016,120,6.2,4669,82.0,0.22,0.0,0.0,0,0,9.0,1
820,2006,108,6.6,137502,66.0,148.21,14164.666666666666,572.3333333333334,4476,108,7.333333333333333,4
821,2009,92,4.4,60655,33.0,0.18,0.0,0.0,0,0,14.0,1
822,2010,96,6.8,64535,50.0,0.32,24377.0,257.0,0,0,3.5,1
823,2009,109,7.4,279694,0.0,83.81,40748.0,507.0,14740,0,7.0,3
824,2008,98,6.1,50255,58.0,0.07,53153.0,267.0,0,0,13.0,1
825,2010,124,4.9,192740,58.0,300.52,17026.0,901.6666666666666,0,0,3.3333333333333335,4
826,2011,106,6.1,62095,35.0,13.99,6874.333333333333,585.5,0,0,7.5,1
827,2013,119,6.4,132098,49.0,42.0,15124.0,700.5,0,123,4.666666666666667,2
828,2013,132,7.2,93322,0.0,116.63,14527.333333333334,228.66666666666666,2878,67,8.0,4
829,2016,91,5.6,3990,48.0,0.03,6776.0,265.5,0,0,6.0,1
830,2013,100,4.9,166512,33.0,60.52,21077.0,772.6666666666666,18353,30,2.6666666666666665,3
831,2016,80,6.1,2417,69.0,0.15,0.0,0.0,0,0,1.0,1
832,2015,105,7.8,92076,74.0,6.74,0.0,1289.0,0,0,3.5,1
833,2011,115,7.3,211348,84.0,82.62,32756.0,553.5,8066,130,3.5,3
834,2010,146,4.3,62403,27.0,95.33,4156.5,643.5,0,0,6.0,3
835,2013,95,7.2,65653,61.0,1.29,0.0,0.0,0,0,2.6666666666666665,1
836,2008,105,6.4,173731,43.0,36.06,22261.5,623.5,0,0,4.666666666666667,2
837,2014,94,6.2,81823,36.0,26.05,4577.0,691.0,0,0,7.5,2
838,2010,100,5.2,84158,32.0,40.17,5289.0,613.5,0,0,7.333333333333333,2
839,2012,109,7.7,192190,68.0,40.98,30967.0,469.3333333333333,10153,0,6.333333333333333,2
840,2014,117,6.2,73567,40.0,30.69,12492.5,844.0,0,0,4.0,2
841,2006,110,7.8,271940,53.0,22.49,62657.25,420.75,0,0,8.0,2
842,2013,101,7.0,97141,61.0,2.32,12677.333333333334,939.0,35149,71,8.0,1
843,2015,101,5.9,10220,59.0,0.01,9844.0,1179.5,0,0,5.0,1
844,2008,115,6.7,88260,50.0,26.81,36260.25,459.0,1178,0,10.333333333333334,2
845,2010,108,6.3,60133,27.0,0.09,0.0,0.0,0,0,10.0,1
846,2015,123,7.3,92378,0.0,10.14,32346.0,652.0,63408,37,7.666666666666667,1
847,2013,150,6.5,190855,0.0,89.29,48095.666666666664,798.3333333333334,21634,0,7.0,3
848,2013,92,4.8,37060,62.0,34.33,0.0,1101.5,0,0,10.5,2
849,2007,105,6.9,193491,0.0,80.05,26121.5,872.0,0,0,7.333333333333333,3
850,2012,123,5.9,64513,47.0,38.51,56910.0,349.5,0,114,9.0,2
851,2011,111,6.2,108544,52.0,38.18,832.0,540.5,2197,17,13.0,2
852,2016,124,7.4,6753,73.0,8.81,29673.0,911.5,0,0,10.666666666666666,1
853,2016,94,6.0,20966,37.0,59.57,1075.0,0.0,0,0,8.333333333333334,3
854,2011,120,7.6,108772,70.0,3.19,7274.333333333333,89.0,6655,0,5.0,1
855,2016,109,7.0,12048,44.0,61.69,29970.0,125.0,0,0,8.666666666666666,3
856,2014,118,5.3,27312,33.0,85.91,23324.333333333332,386.6666666666667,0,0,5.666666666666667,3
857,2007,133,7.4,95172,56.0,24.34,11300.5,1010.0,2853,0,9.666666666666666,2
858,2014,104,6.5,112729,30.0,82.39,0.0,1176.0,0,0,4.0,3
859,2015,111,6.8,21405,47.0,42.65,1722.0,918.0,0,0,5.5,2
860,2011,102,5.6,87904,31.0,21.56,41636.0,541.0,701,142,3.6666666666666665,2
861,2011,92,5.9,88000,50.0,42.58,0.0,0.0,0,0,10.5,2
862,2014,104,6.3,33688,30.0,23.39,9378.0,817.0,0,0,7.0,2
863,2014,128,7.5,67637,0.0,52.07,19804.75,883.0,1221,0,10.333333333333334,3
864,2009,92,6.6,129708,44.0,45.8,27016.0,806.0,0,0,3.0,2
865,2007,165,8.5,102697,42.0,1.2,3291.0,0.0,2062,0,10.0,1
866,2011,97,6.3,45419,0.0,6.92,13054.0,1040.3333333333333,0,0,6.0,1
867,2010,97,5.9,140900,37.0,60.13,8135.0,633.0,0,0,5.666666666666667,3
868,2012,88,6.7,164088,48.0,54.72,0.0,0.0,0,0,4.0,3
869,2007,94,5.5,73152,46.0,17.54,0.0,0.0,0,0,14.0,2
870,2008,98,6.2,70699,50.0,58.01,0.0,0.0,0,0,10.333333333333334,3
871,2016,87,5.3,12435,11.0,19.64,51766.5,403.5,6465,0,6.666666666666667,2
